username,password,last_access
4fa380e7-7c08-5635-aa70-a2e8fbb4583d,92836857B1D1589FEA2017AC16D8FBB67BDFDDA8AB4D6728FB6B208D769C4B3E,1522831467
cdaab33e-d414-5898-8b7f-2ae6502a948d,54899D61F28C9D9E18FC82ADDA58D2A860F8E86151B8068C7C2BCE5D9579DD21,1533904451
31b86144-2ff5-5c5a-ad4c-1888730f9bc9,43A08A7BB688193824CD111F4F22F4161845E94151A7F0D28946277A571A97E4,1526289485
2a021979-705e-5d21-8c28-4928c491c82d,DF690B4BB7C4AFDBCD95225057CC857EC8EED98D62327E248651A127F52CB40D,1523085306
c5267e57-059e-51b0-b50a-2591aa24eed5,DF667B18637B6B5E411CE0E161D4159CC5908F788FF6C7F67E8F054B880C4000,1518606278
dd2da5eb-7860-5090-bc82-c0c9f6d150fd,D0913187555C8C63BD6E4621FC87FA6D6A3B9CD8FEFC4CD66171176DED825627,1524069382
d4f7cf73-7f7c-5034-8d54-772ae645cf53,8C6782EC2536B8ED6E9D178CF28555842AFD81C562E69B0B626D0355D881BEAB,1538734273
ab5da100-a720-5d35-8497-c5448bf088ab,54555FAC6A941835E0F4C24EE7CC79E76DCB70C27FAD1334E0D94244011B3027,1530611389
120075c5-0a94-5bd4-9259-dffd90f8d4ad,A4E923CF1FD73C2FE1957812720CBB72A57A340076E5985F330DBD2E85511A33,1522818804
3f3c11b6-84f0-502b-bf3e-36e6786b5a79,541F42D7542B70062FA430BFCCAC434186C0C1BB433B45B6F1B76E6F46D4CB60,1524992028
d1bfdd54-b6df-549b-9df1-ccaf0220608c,FE4ED0B4D7CDCA4DF240BE1AD2B295A0FEF7DE55064D1A98BA22BFD0FD9954C7,1518239187
aa8901a8-ed19-5999-95a6-c33d1c75a90f,B081D6745E3404F4422BCAC7AB34277D9BA2D9C0C533C6FEFF97DBBFF1D5BF25,1531428500
939ec431-2a23-56ba-93d3-87ae8cc9f8e5,F231BE56B469703AEBA2C423DE3F9B76926E5CFBB06420EFB7AD5EB7B801E918,1519533236
8c0f6a6c-7b88-5127-b049-6ba80cd7399a,1353BC0D575F503E18EDED6DAEE65C07242F70BDE73BA53F009414F33D5D2C5C,1524694960
757e96ee-98bc-54ef-9f3b-8e2121e35922,EC4E598BD0F312A7C49BF83984B70176F311AF142A47CA354F35424FB79F2BFD,1526578948
ec7dd7a3-ac5c-55be-ad4f-9a26bfafc14d,A73D854BA80BC4F4A4E2373085A258201C58F2B6D6D27132D0A66B972B0641BB,1526445725
67fe72b2-f631-5432-aac5-451ef41c7ca0,AB45E8474269B026F668D49860B36850122E18A50D5EA38F3FEFDAE08261865C,1524157663
aa21334d-7cfd-5feb-9c35-dcf890c81f4e,E21D98E1AFD1E9EB90F6D987344E9BD7074FADE85E42597829641333681F7DFE,1537681106
f16cb0a1-bfe0-5687-8445-c6b0bb8f0e05,41BA788E3B7E1D1DE4E6D11806F5BE477AEA76AA48DBF31F6F09BA0DB3F658F1,1530526577
04ab3854-04fe-53a7-a9e7-5c63a7af89fe,2895A2F48D5DA6740282B89EC2478898A7E436F2B69AF5E18F84C2B23181819A,1528686168
5a470df3-23be-5377-a912-b72d410513dc,EC12F22A6339F1E5E9C499F4528C8B3F81CBD67F180D363774D6B03CDB4B1DEE,1538058265
c5692c68-9a6e-5cd2-b506-97197bfb1db1,377D648D65F2DBFE7E3E5A0D33238EA0AD7772FE1AF3A1C6011C138B295EF430,1537928026
d830d38e-62ea-50c6-b04f-adcdd4aaef29,B594508CA92DEAEE73BCBB9FBD831E4A6E94562645FFE3F5AADCDF8788060BB4,1535390609
dfdd1746-f281-5f9a-8d39-a429c09545ae,5739EE72F424BBB8E69231E1FCA9C42E929396AF7A3D54A8388DCBE32C097A79,1529425277
74a208fb-d159-5914-8c70-56365bacde7a,E9CE6C6EF7D71740F40B26413E47D885C75D5CB4E89F644F01B78114EC2D0CCE,1534049594
4049e5a2-994e-50f7-a4e1-926aef8faaae,AEF2FB9DD3AABF7D7B1C0AF4E7690DDE5A28D73D16F6C8D277D203103585969F,1522284118
ba29e893-6675-50cf-bda1-6504b3afe103,068951EB797BA7058B705B878678C0F928EF522D93AF363E8760227CF7256416,1528295463
91e085e2-7f07-50c6-8ff3-052476308dbb,AC4532A6701899F448591823B0B727921586ABE7CDF96E572A171CF2978D3B64,1531483601
095555a5-36bd-5bee-91fa-83e311cc9c2e,88A78B3D3BD39F9B9FA4E7C442F6624DCC9778E635FAF6FE5D4F41261B24D414,1529349293
e408d074-4aa7-52ad-a4fb-aa6154f69e5a,5DFE831F0948F744FB7EB497BDCFAE6E794B47A440D1BE15D2B2E425927C6143,1521981374
c74e06ad-1979-5895-812c-dc8a4692973d,DD0CF4ED95B64C54DEAF78A11F36E9AD990380DF730F1AE34AA7A38AFC9CE383,1522351450
eeb0696a-dc43-53f4-9932-66e1d3229210,F88840A8E96E98C8D5504F3A6C1452A65268713406C7907AA68B89D1A2569BF2,1538991984
d1bfdd54-b6df-549b-9df1-ccaf0220608c,E76A55B07844A3B890C84F937E62FC0DA5E89CAF5305F733EEBE8253B022C380,1539744247
73a3cdb5-6e9f-5274-8077-cf852900d4aa,CAB35493793E0CF333A76C483DF3DF32E11CE8B9CFB8F7790156B19DF1ACD49B,1526011835
68ae26ad-f271-5206-9c31-7e49ce348203,04EF42DA490140E0EDCA8593D859FC938D678D1AFD4DD29674B2FE557D0F35FA,1521943746
dcb1ee02-38b1-5c8d-b3be-b193fc48c4cf,F873C54B3FB005AB389FDB331F7CDDEFCE1DB196684F3DFD8866394A85D4DA3A,1524440332
55a0f367-9fb3-5787-bdcb-ccc57e00f366,EE510D1A07AC7E6491EA191CD1918EA553ED2A358C8A0A04C1B90BD89222C314,1528849266
6118f7f5-3bf3-547a-a10d-aa11081282fc,C7A7F7571AF5FA3E0C75800058EDD8B66704E042E6A16A79C41CF7EA3DF3AAD1,1526734182
07f8146f-032d-5167-9ecc-2e70e74d260f,7D7C76DFE4308BA168D73F6E19EE15E48C17B9AC4DFE69AB743C0237F5F933E3,1515162050
a10a64b6-00f1-5433-b541-17e713b11668,E6A9161CC06AA678AD932722D758CF8CEEC569601016C2C0457FBA3ABA63F686,1527567421
53044146-5506-56db-84fd-f8e404ae5bc3,997BC249599B74191AA0EE6851D0945E291FD2C543898427D59C279438EDD40C,1532173314
7fc876a9-605f-5610-825f-c4f778013921,8EDC7B58B7E80C40BE63D7EA3181B0703ED3B0275809ADF1A8701CDF9666490F,1528604710
51b9630c-3717-560e-a8cc-94dc68da652c,CF18A497A69200D0E095D5BB9BADCBA380B483DA92704863BBB7F6B43DD7FD7C,1523665652
709d001f-c831-59a1-81a3-177196389da6,908E2636911E8764E34B51A303322F57531FA3E742DED0790825A121852CA8A5,1538216658
