username,password,last_access
9baab566-8f9a-5121-8dcf-dd7eda3aad13,DCCCDA7307A3752F61E88C7DD814AF9353FDFDA48BF919FED754F7A4AD6F84BF,828573204
f80123ea-d296-5639-aa4e-0344183d0b99,FA80C07BC616626AF70E5A03B89E685D4340880E7042E1284595F213E7217EFD,830746428
5bf6f119-f5a5-5fd8-b39d-1c642456eeb9,BF2EE3FC2C13FF060DEEA96A37BC0DB1C5B9549280432571E179692DB4AC2035,836280977
79459dbc-e911-585f-bb4c-c6b7399e20f0,6229191CDD39D4873D6E81CB50FD62F2E921947F13934B23A51CE502DF6C9049,834440568
c9548d6b-179d-53b7-a17c-d88740c7ba10,C97FA6FBF6EF81DB771E8AE4B370A5ECDA630150251642547D73EB6D892F854D,843812665
570f785f-13cf-5570-9b2e-667a145a0527,6DD6A839E15B151C1E7EF671D3BFE1F78860D1304F3D9B8394927D1F8307846F,843682426
4d8a1518-e702-5aee-9ab4-12ef9eb2e550,0D9F291D2B017DC1C9AA3D8BFBB51742B9C876824F678F63D70DC6001C027A72,841145009
b79c2773-c36d-5480-83a9-56075ed2435e,FD86F56CB84E69A14E85944897A122150847CA61B7BB97877D816FD8E48534E6,835179677
ea9da449-ae2e-52c5-b993-995291a2093d,6AE972F8B30D0D116F6A7D5404D1D56D02D5652DB60ABA6E6450A3F0EF6364A9,839803994
87ccb5e3-d66b-501f-92c4-4f0a5e0e766d,A37E86C274FA5740110C1BF7D8B00BF44F4687A57C52809CF5B2F46CA0158E90,828038518
05cbba29-9871-5639-93f4-b2518b79218a,28A63D865AE4CDD812DFFBE1539FDFA7A80B38047C18B0183061F89DB108D3F0,832333348
680183cb-e14c-5c4c-9eca-7d168c9be814,9BC45F70CDD6AA65F3CD80DE332AAE246E5856FB1F0707F68D94E30276240352,839658851
31ab42cc-00f6-571f-a554-eeb5c32a9474,CCE597B6AEB74C96C55CAA16790FE5400F066F31982C8993220A3E21F63195C6,832200125
8905ee53-6413-5029-b7ed-87de1790ee20,29A20C6A058EDCBDCC3437AF75442BB4F08DC43D16E609ECADE286B05E2B0BF0,829912063
0cd2b6b5-131b-5f20-a041-76beaef353d2,222CED2B5E3B4E7901D3BE22E64EED1163D34C64CC28B9A713F2A269F2F38C61,843435506
4ded72b9-ce2b-5a6b-9925-12baea88984f,2AA88C04AD424640A5C20C648D85B1B6E7D99F1EB99A161B9DB9C3E48DD45853,828839706
2ceb05ae-dbce-5ae9-9c3e-8164eef830a6,606B9AE819C1D309CBA22A8C8CE3E73202A8E30B269B4A3A4ECAF0970D82147A,827698146
702ebfc6-926d-5008-afd1-c02f25e69884,11148B3648987BED4B6C462A79E78B477F4129BF3EBCE9C3C95434F80BE3AB30,830194732
0f37b1f4-9aac-5149-a9fe-1df248a0e9af,378AED77404F3C0ACC8BF39E79A86DCD108AFFEA022BF21AC84F492A4E7DBD67,834603666
7ef85d14-721d-5c06-93dc-a18db2277d1f,A4EE58DBF99661F94EEFFD17773810F93F39D03F0766A6F8D5AFCBF6030A6076,832488582
d77d530f-cefc-5187-8f9c-fe2e73465671,2692E72C39841F73084295AF6D3A0858D0B2FD017AF438E3DCEBAEC57B1A7939,824274278
96899040-51d7-5ea3-9ffb-c0bf6489f3ac,024823343A37C768E01541C2AFD72D9213CFBF0EBDC24F50740EA4B62FCE0B5D,829823782
50c5c197-a7c9-5fac-b2fa-60280a7dac94,F090835EBE69292F8FFC74131CD008F4DCFD1410E0C23E9C4584A04263E24918,844488673
53eed945-042e-504a-b2a2-692b78cbeacc,7A3F9EC2C808F1003834DD9B6C051926F43899666B60471EA5B3811A68451131,836365789
0d9bd5fd-e597-5fc2-a6c2-bff580e05ae7,93E0BA36FC7CEC40B140B4838819BD63EA493B6E33E586B0D89F6F1065F1F9F2,820830050
c91941d3-c77b-56e4-8dcf-0923e19c3711,B34FB79F8B03EF9287BF1EEEFE6C2B055A8F9795138DF6C4AFF2521EC521BBFD,833321821
dc6b439e-11ec-59a4-a2a9-d52f56ffb4ad,6324452DC778D224EE737615BE6E0EB3105C093E260CBAD10C6846412278B316,837927714
b2aadb0d-d2f8-5f6b-a12f-61e4dc56d761,7D1F49C2E7C67B20FD9DBEB36016121B26EA44D5EF9BD0333149016AD82BE618,834359110
239a5a0f-37b6-5aec-bd1b-ce729372a40f,D8D0C905B21F8BC8931F049D589F388ACC567A02266B6F0280C23ED569EBA23D,829420052
a5245b6b-ddae-5ff0-878b-80403923dd0d,5C8781A96C5DFA392316F585E4EC8B1CFFB375ABB1DBB0347400CF944EC4F55B,843971058
02f04f69-6588-5c6a-97e0-1b1c08fa0b5f,6B4D1E78F8E425D14B19FA8700332CE90500A553B748A10DF07B1F853EF4376D,828585867
689de85d-6a21-5760-8cd7-17b80ef38a8d,CF3D4D264F8C100BA916FD97EEF6CA3274E1B5326D26E6B6396C3823075F592F,834049863
dd3cff0d-bc25-5d7b-b6be-896d250b514d,48176CFEC91EF623153C19A63129F40AA1AD3854D0461ACEEB0E579B6336AB88,837238001
84d3e9d4-9eb3-5aba-bf38-13254b6c49d3,CC7C8EA05AECB32332AC925342BDEF01E167D15F81CA95424283186EC73064E4,835103693
6fa8fc16-9111-5c19-8df2-dde9945dc2bb,E3424AAB944DDD789B4314803ABE186E3C5928144C0E83F321FBD50C95CD76E6,823907187
bb32dc2b-7cb1-5133-94b5-b919ff702687,A31100B25DAC1BBF8C03462030F1B776BB5B7E9AFFA3659A86FF7988A88D54D1,837182900
beb8d1d5-f6e9-5446-98f6-db83fdd53eb1,0E94FAA02DA09121B3E4571E8499D993CDCD36E8C24BD18EF9FA533F836083CB,825201236
b7ff435b-420a-5f59-a344-f5306a440a21,3CC509BA13AA28C5F72A5CBE682D96994F905C382D575EF23945337E2F20503D,830449360
c9384385-8c24-5fec-b7a5-1b6950602d7e,3C6E2B168E490CD6CE26C83646240FAE04E43F3CE3F1FD278421E49CEA517F7F,832043885
7eb76a98-2044-5755-a390-538aa8c1afd7,206E36DE6EA7348142C606141E0D00CA73FCB748AC113CFD63909BDAF68B6959,827735774
abb64c80-d263-55a4-834f-a67b4d579499,F8AA21F75408A92B9362E6EACA9F2C793F0569E24945867D06ED5CD4564B230B,828105850
113c82c3-b20e-5004-82ac-bbfa0556b601,824DD9B5F0D785BCB3AC6ABD14B4D860A1AF67D03DE13FCC8C17438539E48374,844746384
a905cd93-5fde-5a0a-b2bd-21eebdbea0c6,924CB7137281D9B9A3284879718AE71DF4C45073F0A26DDF9A8D7C03697CB732,845498647
c3bb5f57-57aa-5598-8833-0378c367e50b,F8D6C2F17844B2D5A145F76E9AE73BAE195A967982732001FEF9245D112E40C1,831766235